id;user_id;body;date_added;rating
1;83583;deliverables XSS Guam;2021-11-15T09:49:23;72241
2;38646;Orchestrator Chicken;2021-11-15T10:27:49;41575
3;43941;Loan Borders;2021-11-15T02:14:18;2719
4;51374;programming open-source Taiwan;2021-11-15T06:19:42;45735
5;3673;Sleek;2021-11-15T15:34:58;80256
6;71511;methodology Account;2021-11-15T00:00:42;40980
7;7140;support holistic;2021-11-15T01:27:33;4065
8;3382;bandwidth Avon Avon;2021-11-15T02:50:36;70894
9;56669;deliver;2021-11-15T06:15:57;55675
10;18598;Virginia SMTP;2021-11-15T04:53:32;46856
